Detector_Name,Site_No,Intersect_No,Intersection_Name,Phase,Detector_Code,Is_Virtual,Virtual_Powered_By,Cable_Length
IS_21_1,1,1010,בגין / דרומה למסוף דן,21,IS,FALSE,,96.211882
DQ_21_1,1,1010,בגין / דרומה למסוף דן,21,DQ,FALSE,,30.636005
IS_20_1,1,1010,בגין / דרומה למסוף דן,20,IS,FALSE,,88.788
DQ_20_1,1,1010,בגין / דרומה למסוף דן,20,DQ,FALSE,,31.410527
DS_21_1,1,1010,בגין / דרומה למסוף דן,21,DS,FALSE,,32.424792
DS_20_1,1,1010,בגין / דרומה למסוף דן,20,DS,FALSE,,33.999118
DL_21_1,1,1010,בגין / דרומה למסוף דן,21,DL,FALSE,,42.856
DL_20_1,1,1010,בגין / דרומה למסוף דן,20,DL,FALSE,,110.191
DM_21_3,3,1020,ניסנבאום / קוממיות,21,DM,FALSE,,118.970117
DS_21_3,3,1020,ניסנבאום / קוממיות,21,DS,FALSE,,41.746117
DQ_20_3,3,1020,ניסנבאום / קוממיות,20,DQ,FALSE,,66.624324
DQ_21_3,3,1020,ניסנבאום / קוממיות,21,DQ,FALSE,,66.594883
DS_20_3,3,1020,ניסנבאום / קוממיות,20,DS,FALSE,,32.746676
DM_20_3,3,1020,ניסנבאום / קוממיות,20,DM,FALSE,,107.162142
DL_21_3,3,1020,ניסנבאום / קוממיות,21,DL,TRUE,DL_20_1,
DP_20_3,3,1020,ניסנבאום / קוממיות,20,DP,TRUE,DP_20_4,
DL_20_3,3,1020,ניסנבאום / קוממיות,20,DL,TRUE,DQ_20_5,
IS_21_3,3,1020,ניסנבאום / קוממיות,21,IS,TRUE,DL_21_1,
DP_21_3,3,1020,ניסנבאום / קוממיות,21,DP,TRUE,DL_20_1,
DS_21_4,4,1030,ניסנבאום / העמל,21,DS,FALSE,,32.134874
DQ_20_4,4,1030,ניסנבאום / העמל,20,DQ,FALSE,,61.240142
DQ_21_4,4,1030,ניסנבאום / העמל,21,DQ,FALSE,,61.347126
DM_21_4,4,1030,ניסנבאום / העמל,21,DM,FALSE,,113.042883
DM_20_4,4,1030,ניסנבאום / העמל,20,DM,FALSE,,32.355858
DP_20_4,4,1030,ניסנבאום / העמל,20,DP,FALSE,,112.824858
IS_21_4,4,1030,ניסנבאום / העמל,21,IS,TRUE,DL_21_1,
IS_20_4,4,1030,ניסנבאום / העמל,20,IS,TRUE,DS_21_3,
DS_20_4,4,1030,ניסנבאום / העמל,20,DS,TRUE,DM_20_4,
DL_20_4,4,1030,ניסנבאום / העמל,20,DL,TRUE,IS_20_6,
DL_21_4,4,1030,ניסנבאום / העמל,21,DL,TRUE,DL_20_1,
DP_21_5,5,1040,ניסנבאום / הרב מימון,21,DP,FALSE,,142.048126
DM_21_5,5,1040,ניסנבאום / הרב מימון,21,DM,FALSE,,141.566146
DS_21_5,5,1040,ניסנבאום / הרב מימון,21,DS,FALSE,,32.076146
DQ_20_5,5,1040,ניסנבאום / הרב מימון,20,DQ,FALSE,,52.016315
DQ_21_5,5,1040,ניסנבאום / הרב מימון,21,DQ,FALSE,,51.938854
DS_20_5,5,1040,ניסנבאום / הרב מימון,20,DS,FALSE,,31.966685
DM_20_5,5,1040,ניסנבאום / הרב מימון,20,DM,FALSE,,138.941685
DL_21_5,5,1040,ניסנבאום / הרב מימון,21,DL,TRUE,DM_21_4,
DL_20_5,5,1040,ניסנבאום / הרב מימון,20,DL,TRUE,DM_20_6,
DP_20_5,5,1040,ניסנבאום / הרב מימון,20,DP,TRUE,IS_20_6,
IS_21_6,6,1050,"ניסנבאום / כ""ט בנובמבר",21,IS,FALSE,,156.08353
DP_21_6,6,1050,"ניסנבאום / כ""ט בנובמבר",21,DP,FALSE,,114.67753
IS_20_6,6,1050,"ניסנבאום / כ""ט בנובמבר",20,IS,FALSE,,150.407383
DM_21_6,6,1050,"ניסנבאום / כ""ט בנובמבר",21,DM,FALSE,,33.00053
DQ_20_6,6,1050,"ניסנבאום / כ""ט בנובמבר",20,DQ,FALSE,,67.669383
DQ_21_6,6,1050,"ניסנבאום / כ""ט בנובמבר",21,DQ,FALSE,,67.70947
DS_20_6,6,1050,"ניסנבאום / כ""ט בנובמבר",20,DS,FALSE,,32.140617
DM_20_6,6,1050,"ניסנבאום / כ""ט בנובמבר",20,DM,FALSE,,137.154617
DL_21_6,6,1050,"ניסנבאום / כ""ט בנובמבר",21,DL,TRUE,DP_21_5,
DS_21_6,6,1050,"ניסנבאום / כ""ט בנובמבר",21,DS,TRUE,DM_21_6,
DP_20_6,6,1050,"ניסנבאום / כ""ט בנובמבר",20,DP,TRUE,DQ_20_7,
DL_20_6,6,1050,"ניסנבאום / כ""ט בנובמבר",20,DL,TRUE,DQ_20_9,
DM_21_7,7,1060,ניסנבאום / החרושת,21,DM,FALSE,,142.042429
DS_21_7,7,1060,ניסנבאום / החרושת,21,DS,FALSE,,35.342429
DQ_20_7,7,1060,ניסנבאום / החרושת,20,DQ,FALSE,,57.774091
DQ_21_7,7,1060,ניסנבאום / החרושת,21,DQ,FALSE,,55.757571
DS_20_7,7,1060,ניסנבאום / החרושת,20,DS,FALSE,,30.145909
DM_20_7,7,1060,ניסנבאום / החרושת,20,DM,FALSE,,107.570909
DL_21_7,7,1060,ניסנבאום / החרושת,21,DL,TRUE,IS_21_6,
DP_21_7,7,1060,ניסנבאום / החרושת,21,DP,TRUE,DQ_21_6,
DP_20_7,7,1060,ניסנבאום / החרושת,20,DP,TRUE,DQ_20_8,
DL_20_7,7,1060,ניסנבאום / החרושת,20,DL,TRUE,DQ_20_9,
DM_21_8,8,1070,ניסנבאום / יוספטל,21,DM,FALSE,,62.3707
DS_21_8,8,1070,ניסנבאום / יוספטל,21,DS,FALSE,,31.8487
DQ_20_8,8,1070,ניסנבאום / יוספטל,20,DQ,FALSE,,62.334155
DQ_21_8,8,1070,ניסנבאום / יוספטל,21,DQ,FALSE,,66.4293
DM_20_8,8,1070,ניסנבאום / יוספטל,20,DM,FALSE,,46.412845
DL_21_8,8,1070,ניסנבאום / יוספטל,21,DL,TRUE,DP_21_6,
DP_21_8,8,1070,ניסנבאום / יוספטל,21,DP,TRUE,DQ_21_7,
DS_20_8,8,1070,ניסנבאום / יוספטל,20,DS,TRUE,DM_20_8,
DL_20_8,8,1070,ניסנבאום / יוספטל,20,DL,TRUE,DM_20_11,
DP_20_8,8,1070,ניסנבאום / יוספטל,20,DP,TRUE,DQ_20_9,
DM_21_9,9,1090,יוספטל / משה שרת,21,DM,FALSE,,50.849023
DS_21_9,9,1090,יוספטל / משה שרת,21,DS,FALSE,,32.644023
DQ_20_9,9,1090,יוספטל / משה שרת,20,DQ,FALSE,,36.248751
DQ_21_9,9,1090,יוספטל / משה שרת,21,DQ,FALSE,,40.374977
DS_20_9,9,1090,יוספטל / משה שרת,20,DS,FALSE,,34.417249
DM_20_9,9,1090,יוספטל / משה שרת,20,DM,FALSE,,130
DL_21_9,9,1090,יוספטל / משה שרת,21,DL,TRUE,DM_21_8,
DP_20_9,9,1090,יוספטל / משה שרת,20,DP,TRUE,DQ_20_10,
DL_20_9,9,1090,יוספטל / משה שרת,20,DL,TRUE,DQ_20_12,
DP_21_9,9,1090,יוספטל / משה שרת,21,DP,TRUE,DQ_21_8,
DS_21_10,10,1100,יוספטל / החשמונאים,21,DS,FALSE,,32.743061
DQ_20_10,10,1100,יוספטל / החשמונאים,20,DQ,FALSE,,49.762664
DQ_21_10,10,1100,יוספטל / החשמונאים,21,DQ,FALSE,,46.342939
DS_20_10,10,1100,יוספטל / החשמונאים,20,DS,FALSE,,36.202336
DM_20_10,10,1100,יוספטל / החשמונאים,20,DM,FALSE,,84.599336
DM_21_10,10,1100,יוספטל / החשמונאים,21,DM,FALSE,,120
IS_21_10,10,1100,יוספטל / החשמונאים,21,IS,FALSE,,80
DL_21_10,10,1100,יוספטל / החשמונאים,21,DL,TRUE,DQ_21_8,
DP_21_10,10,1100,יוספטל / החשמונאים,21,DP,TRUE,DQ_21_9,
DM_20_10,10,1100,יוספטל / החשמונאים,20,DM,TRUE,IS__20_11,
DP_20_10,10,1100,יוספטל / החשמונאים,20,DP,TRUE,DM_20_11,
DL_20_10,10,1100,יוספטל / החשמונאים,20,DL,TRUE,DQ_20_12,
DM_21_11,11,1110,יוספטל / בר אילן,21,DM,FALSE,,80
DS_21_11,11,1110,יוספטל / בר אילן,21,DS,FALSE,,32.228984
DQ_20_11,11,1110,יוספטל / בר אילן,20,DQ,FALSE,,75.908698
DQ_21_11,11,1110,יוספטל / בר אילן,21,DQ,FALSE,,72.767016
DM_20_11,11,1110,יוספטל / בר אילן,20,DM,FALSE,,35.561302
IS_20_11,11,1110,יוספטל / ברנר,20,IS,FALSE,,
DP_21_11,11,1110,יוספטל / בר אילן,21,DP,TRUE,DM_21_10,
DM_21_11,11,1110,יוספטל / בר אילן,21,DM,TRUE,IS__21_10,
DL_20_11,11,1110,יוספטל / בר אילן,20,DL,TRUE,DM_20_13,
DL_21_11,11,1110,יוספטל / בר אילן,21,DL,TRUE,DQ_21_8,
DS_20_11,11,1110,יוספטל / בר אילן,20,DS,TRUE,DM_20_11,
DP_20_11,11,1110,יוספטל / בר אילן,20,DP,TRUE,DQ_20_12,
DM_21_12,12,1120,יוספטל / ברנר,21,DM,FALSE,,33.927819
DQ_20_12,12,1120,יוספטל / ברנר,20,DQ,FALSE,,39.095091
DQ_21_12,12,1120,יוספטל / ברנר,21,DQ,FALSE,,39.261181
DS_20_12,12,1120,יוספטל / ברנר,20,DS,FALSE,,31.999909
DM_20_12,12,1120,יוספטל / ברנר,20,DM,FALSE,,138.298909
DL_21_12,12,1120,יוספטל / ברנר,21,DL,TRUE,DQ_21_10,
DP_21_12,12,1120,יוספטל / ברנר,21,DP,TRUE,DQ_21_11,
DP_20_12,12,1120,יוספטל / ברנר,20,DP,TRUE,DQ_20_13,
DL_20_12,12,1120,יוספטל / ברנר,20,DL,TRUE,DQ_20_15,
DS_21_12,12,1120,יוספטל / ברנר,21,DS,TRUE,DM_21_12,
DM_21_13,13,1130,יוספטל / בלפור,21,DM,FALSE,,141.84654
DS_21_13,13,1130,יוספטל / בלפור,21,DS,FALSE,,32.14754
DQ_20_13,13,1130,יוספטל / בלפור,20,DQ,FALSE,,72.841914
DQ_21_13,13,1130,יוספטל / בלפור,21,DQ,FALSE,,72.40446
DM_20_13,13,1130,יוספטל / בלפור,20,DM,FALSE,,32.237086
DP_21_13,13,1130,יוספטל / בלפור,21,DP,TRUE,DM_21_12,
DL_20_13,13,1130,יוספטל / בלפור,20,DL,TRUE,DS_20_15,
DL_21_13,13,1130,יוספטל / בלפור,21,DL,TRUE,DQ_21_11,
DS_20_13,13,1130,יוספטל / בלפור,20,DS,TRUE,DM_20_13,
DP_20_13,13,1130,יוספטל / בלפור,20,DP,TRUE,DQ_20_15,
IS_21_15,15,1140,יוספטל / דולפין,21,IS,FALSE,,85.776796
DM_21_15,15,1140,יוספטל / דולפין,21,DM,FALSE,,66.255796
DS_21_15,15,1140,יוספטל / דולפין,21,DS,FALSE,,32.318796
DQ_20_15,15,1140,יוספטל / דולפין,20,DQ,FALSE,,76.722079
DQ_21_15,15,1140,יוספטל / דולפין,21,DQ,FALSE,,69.783204
DS_20_15,15,1140,יוספטל / דולפין,20,DS,FALSE,,32.251921
DM_20_15,15,1140,יוספטל / דולפין,20,DM,FALSE,,73.366921
DL_21_15,15,1140,יוספטל / דולפין,21,DL,TRUE,DQ_21_12,
DP_21_15,15,1140,יוספטל / דולפין,21,DP,TRUE,DQ_21_13,
DP_20_15,15,1140,יוספטל / דולפין,20,DP,TRUE,DQ_20_16,
DL_20_15,15,1140,יוספטל / דולפין,20,DL,TRUE,DQ_20_18,
DM_21_16,16,1150,הרצל / דקר,21,DM,FALSE,,76.361848
DS_21_16,16,1150,הרצל / דקר,21,DS,FALSE,,32.364848
DQ_20_16,16,1150,הרצל / דקר,20,DQ,FALSE,,57.906199
DQ_21_16,16,1150,הרצל / דקר,21,DQ,FALSE,,62.559152
DS_20_16,16,1150,הרצל / דקר,20,DS,FALSE,,33.061801
DM_20_16,16,1150,הרצל / דקר,20,DM,FALSE,,132.049878
DL_21_16,16,1150,הרצל / דקר,21,DL,TRUE,DS_21_13,
DP_20_16,16,1150,הרצל / דקר,20,DP,TRUE,DQ_20_17,
DM_20_16,16,1150,הרצל / דקר,20,DM,TRUE,IS__2017,
DL_20_16,16,1150,הרצל / דקר,20,DL,TRUE,DQ_20_19,
DP_21_16,16,1150,הרצל / דקר,21,DP,TRUE,DQ_21_15,
DM_21_17,17,1160,הרצל ז'בוטינסקי,21,DM,FALSE,,136.919152
DS_21_17,17,1160,הרצל ז'בוטינסקי,21,DS,FALSE,,38.187144
DQ_20_17,17,1160,הרצל ז'בוטינסקי,20,DQ,FALSE,,55.917878
DQ_21_17,17,1160,הרצל ז'בוטינסקי,21,DQ,FALSE,,53.939856
DM_20_17,17,1160,הרצל ז'בוטינסקי,20,DM,FALSE,,32.575122
IS_20_17,17,1160,הרצל / העצמאות,20,IS,FALSE,,
DL_21_17,17,1160,הרצל ז'בוטינסקי,21,DL,TRUE,IS_21_15,
DP_21_17,17,1160,הרצל ז'בוטינסקי,21,DP,TRUE,DS_21_16,
DS_20_17,17,1160,הרצל ז'בוטינסקי,20,DS,TRUE,DM_20_17,
DL_20_17,17,1160,הרצל ז'בוטינסקי,20,DL,TRUE,DS_20_20,
DP_20_17,17,1160,הרצל ז'בוטינסקי,20,DP,TRUE,DQ_20_18,
DM_21_18,18,1170,הרצל / העצמאות,21,DM,FALSE,,32.293619
DQ_20_18,18,1170,הרצל / העצמאות,20,DQ,FALSE,,91.012628
DQ_21_18,18,1170,הרצל / העצמאות,21,DQ,FALSE,,92.351381
DS_20_18,18,1170,הרצל / העצמאות,20,DS,FALSE,,32.759372
DL_21_18,18,1170,הרצל / העצמאות,21,DL,TRUE,DQ_21_15,
DM_20_18,18,1170,הרצל / העצמאות,20,DM,TRUE,IS_20_19,
DP_21_18,18,1170,הרצל / העצמאות,21,DP,TRUE,DQ_21_17,
DS_21_18,18,1170,הרצל / העצמאות,21,DS,TRUE,DM_21_18,
DL_20_18,18,1170,הרצל / העצמאות,20,DL,TRUE,DQ_20_22,
DP_20_18,18,1170,הרצל / העצמאות,20,DP,TRUE,DS_20_20,
DM_21_19,19,1180,הרצל / הרב קוק,21,DM,FALSE,,101.259483
IS_20_19,19,1180,הרצל / הרב קוק,20,IS,FALSE,,71.625595
DS_21_19,19,1180,הרצל / הרב קוק,21,DS,FALSE,,31.987483
DQ_20_19,19,1180,הרצל / הרב קוק,20,DQ,FALSE,,46.441595
DQ_21_19,19,1180,הרצל / הרב קוק,21,DQ,FALSE,,44.350517
DS_20_19,19,1180,הרצל / הרב קוק,20,DS,FALSE,,32.554405
DM_20_19,19,1180,הרצל / הרב קוק,20,DM,FALSE,,85.653035
DL_21_19,19,1180,הרצל / הרב קוק,21,DL,TRUE,DQ_21_17,
DP_21_19,19,1180,הרצל / הרב קוק,21,DP,TRUE,DM_21_18,
DL_20_19,19,1180,הרצל / הרב קוק,20,DL,TRUE,DS_20_21,
DP_20_19,19,1180,הרצל / הרב קוק,20,DP,TRUE,DS_20_20,
DM_21_20,20,1190,הרצל / ירושלים,21,DM,FALSE,,67.997517
DS_21_20,20,1190,הרצל / ירושלים,21,DS,FALSE,,31.97491
DQ_20_20,20,1190,הרצל / ירושלים,20,DQ,FALSE,,61.463035
DQ_21_20,20,1190,הרצל / ירושלים,21,DQ,FALSE,,64.11909
DS_20_20,20,1190,הרצל / ירושלים,20,DS,FALSE,,34.641965
IS_21_20,20,1190,הרצל / ירושלים,21,IS,FALSE,,120.42209
DM_20_20,20,1190,הרצל / ירושלים,20,DM,FALSE,,136.546965
DL_21_20,20,1190,הרצל / ירושלים,21,DL,TRUE,DS_21_17,
DP_21_20,20,1190,הרצל / ירושלים,21,DP,TRUE,DM_21_19,
DP_20_20,20,1190,הרצל / ירושלים,20,DP,TRUE,DQ_20_21,
DL_20_20,20,1190,הרצל / ירושלים,20,DL,TRUE,DQ_20_22,
DS_21_21,21,1200,הרצל / רוטשילד,21,DS,FALSE,,31.544911
DQ_20_21,21,1200,הרצל / רוטשילד,20,DQ,FALSE,,72.893486
DQ_21_21,21,1200,הרצל / רוטשילד,21,DQ,FALSE,,66.436089
DS_20_21,21,1200,הרצל / רוטשילד,20,DS,FALSE,,31.856514
DM_20_21,21,1200,הרצל / רוטשילד,20,DM,FALSE,,71.336514
DP_21_21,21,1200,הרצל / רוטשילד,21,DP,TRUE,DQ_21_20,
DM_21_21,21,1200,הרצל / רוטשילד,21,DM,TRUE,IS_21_20,
DL_20_21,21,1200,הרצל / רוטשילד,20,DL,TRUE,DS_20_24,
DL_21_21,21,1200,הרצל / רוטשילד,21,DL,TRUE,DQ_21_17,
DP_20_21,21,1200,הרצל / רוטשילד,20,DP,TRUE,DQ_20_22,
DM_21_22,22,1210,רוטשילד / בלפור,21,DM,FALSE,,39.492994
DQ_20_22,22,1210,רוטשילד / בלפור,20,DQ,FALSE,,72.703092
DQ_21_22,22,1210,רוטשילד / בלפור,21,DQ,FALSE,,72.125006
DS_20_22,22,1210,רוטשילד / בלפור,20,DS,FALSE,,32.174908
DM_20_22,22,1210,רוטשילד / בלפור,20,DM,FALSE,,73.776908
DL_21_22,22,1210,רוטשילד / בלפור,21,DL,TRUE,DM_21_20,
DP_20_22,22,1210,רוטשילד / בלפור,20,DP,TRUE,DQ_20_24,
DL_20_22,22,1210,רוטשילד / בלפור,20,DL,TRUE,IS_20_26,
DS_21_22,22,1210,רוטשילד / בלפור,21,DS,TRUE,DM_21_22,
DP_21_22,22,1210,רוטשילד / בלפור,21,DP,TRUE,DQ_21_21,
DM_21_23,23,1220,"רוטשילד / ישי / רמב""ם",21,DM,FALSE,,74.339227
DS_21_23,23,1220,"רוטשילד / ישי / רמב""ם",21,DS,FALSE,,32.081227
DQ_21_23,23,1220,"רוטשילד / ישי / רמב""ם",21,DQ,FALSE,,38.880773
DQ_20_23,23,1220,"רוטשילד / ישי / רמב""ם",20,DQ,FALSE,,38.601812
DS_20_23,23,1220,"רוטשילד / ישי / רמב""ם",20,DS,FALSE,,32.310188
DM_20_23,23,1220,"רוטשילד / ישי / רמב""ם",20,DM,FALSE,,73.126188
DL_21_23,23,1220,"רוטשילד / ישי / רמב""ם",21,DL,TRUE,DQ_21_21,
DP_21_23,23,1220,"רוטשילד / ישי / רמב""ם",21,DP,TRUE,DM_21_22,
DP_20_23,23,1220,"רוטשילד / ישי / רמב""ם",20,DP,TRUE,DS_20_24,
DL_20_23,23,1220,"רוטשילד / ישי / רמב""ם",20,DL,TRUE,DQ_20_25,
DM_21_24,24,1230,רוטשילד / העצמאות,21,DM,FALSE,,78.312895
DS_21_24,24,1230,רוטשילד / העצמאות,21,DS,FALSE,,31.047895
DQ_20_24,24,1230,רוטשילד / העצמאות,20,DQ,FALSE,,64.000239
DQ_21_24,24,1230,רוטשילד / העצמאות,21,DQ,FALSE,,71.131105
DS_20_24,24,1230,רוטשילד / העצמאות,20,DS,FALSE,,31.999761
DM_20_24,24,1230,רוטשילד / העצמאות,20,DM,FALSE,,59.689761
DP_21_24,24,1230,רוטשילד / העצמאות,21,DP,TRUE,DQ_21_22,
DL_21_24,24,1230,רוטשילד / העצמאות,21,DL,TRUE,DQ_21_21,
DP_20_24,24,1230,רוטשילד / העצמאות,20,DP,TRUE,DQ_20_25,
DL_20_24,24,1230,רוטשילד / העצמאות,20,DL,TRUE,DP_20_28,
DM_21_25,25,1250,העצמאות,21,DM,FALSE,,33.176285
DQ_21_25,25,1250,העצמאות,21,DQ,FALSE,,38.645715
DQ_20_25,25,1250,העצמאות,20,DQ,FALSE,,39.417981
DS_20_25,25,1250,העצמאות,20,DS,FALSE,,32.444019
IS_21_25,25,1250,העצמאות,21,IS,FALSE,,63.130715
DL_21_25,25,1250,העצמאות,21,DL,TRUE,DS_21_24,
DS_21_25,25,1250,העצמאות,21,DS,TRUE,DM_21_25,
DP_20_25,25,1250,העצמאות,20,DP,TRUE,DS_20_26,
DL_20_25,25,1250,העצמאות,20,DL,TRUE,DP_20_28,
DP_21_25,25,1250,העצמאות,21,DP,TRUE,DQ_21_24,
DM_20_25,25,1250,העצמאות,20,DM,TRUE,IS_20_26,
DS_21_26,26,1260,העצמאות / ירושלים / הגבול,21,DS,FALSE,,32.868574
IS_20_26,26,1260,העצמאות / ירושלים / הגבול,20,IS,FALSE,,75.955393
DQ_20_26,26,1260,העצמאות / ירושלים / הגבול,20,DQ,FALSE,,60.366393
DQ_21_26,26,1260,העצמאות / ירושלים / הגבול,21,DQ,FALSE,,55.328426
DS_20_26,26,1260,העצמאות / ירושלים / הגבול,20,DS,FALSE,,31.999607
DM_20_26,26,1260,העצמאות / ירושלים / הגבול,20,DM,FALSE,,100.703631
DM_21_26,26,1260,העצמאות / ירושלים / הגבול,21,DM,TRUE,IS_21_25,
DP_20_26,26,1260,העצמאות / ירושלים / הגבול,20,DP,TRUE,DQ_20_28,
DM_20_26,26,1260,העצמאות / ירושלים / הגבול,20,DM,TRUE,IS__20_28,
DL_21_26,26,1260,העצמאות / ירושלים / הגבול,21,DL,TRUE,DS_21_24,
DL_20_26,26,1260,העצמאות / ירושלים / הגבול,20,DL,TRUE,DQ_20_29,
DP_21_26,26,1260,העצמאות / ירושלים / הגבול,21,DP,TRUE,DQ_21_24,
DM_21_28,28,2280,ירושלים / הגיבורים,21,DM,FALSE,,108.455426
DS_21_28,28,2280,ירושלים / הגיבורים,21,DS,FALSE,,32.115119
DQ_20_28,28,2280,ירושלים / הגיבורים,20,DQ,FALSE,,47.488631
DQ_21_28,28,2280,ירושלים / הגיבורים,21,DQ,FALSE,,47.637881
DS_20_28,28,2280,ירושלים / הגיבורים,20,DS,FALSE,,30.972369
DM_20_28,28,2280,ירושלים / הגיבורים,20,DM,FALSE,,141.240369
DP_20_28,28,2280,ירושלים / הגיבורים,20,DP,FALSE,,181.919369
IS_20_28,28,2280,ירושלים / מחרוזת / סהרון,20,IS,FALSE,,
DL_21_28,28,2280,ירושלים / הגיבורים,21,DL,TRUE,DQ_21_24,
DP_21_28,28,2280,ירושלים / הגיבורים,21,DP,TRUE,DQ_21_26,
DL_20_28,28,2280,ירושלים / הגיבורים,20,DL,TRUE,DQ_20_29,
DP_21_29,29,2290,ירושלים / מחרוזת / סהרון,21,DP,FALSE,,123.878534
DM_21_29,29,2290,ירושלים / מחרוזת / סהרון,21,DM,FALSE,,45.060534
DQ_20_29,29,2290,ירושלים / מחרוזת / סהרון,20,DQ,FALSE,,73.925132
DQ_21_29,29,2290,ירושלים / מחרוזת / סהרון,21,DQ,FALSE,,72.933466
DS_20_29,29,2290,ירושלים / מחרוזת / סהרון,20,DS,FALSE,,31.999868
DM_20_29,29,2290,ירושלים / מחרוזת / סהרון,20,DM,FALSE,,158.686868
DL_21_29,29,2290,ירושלים / מחרוזת / סהרון,21,DL,TRUE,DQ_21_25,
DP_20_29,29,2290,ירושלים / מחרוזת / סהרון,20,DP,TRUE,DQ_20_30,
DS_21_29,29,2290,ירושלים / מחרוזת / סהרון,21,DS,TRUE,DM_21_29,
DL_20_29,29,2290,ירושלים / מחרוזת / סהרון,20,DL,TRUE,DQ_20_32,
DM_21_30,30,2300,ירושלים / הרב חיים הלר,21,DM,FALSE,,172.869906
DS_21_30,30,2300,ירושלים / הרב חיים הלר,21,DS,FALSE,,34.603906
DQ_20_30,30,2300,ירושלים / הרב חיים הלר,20,DQ,FALSE,,57.114132
DQ_21_30,30,2300,ירושלים / הרב חיים הלר,21,DQ,FALSE,,49.914094
DS_20_30,30,2300,ירושלים / הרב חיים הלר,20,DS,FALSE,,33.977868
IS_21_30,30,2300,ירושלים / הרב חיים הלר,21,IS,FALSE,,120.591094
DL_21_30,30,2300,ירושלים / הרב חיים הלר,21,DL,TRUE,DP_21_29,
DP_21_30,30,2300,ירושלים / הרב חיים הלר,21,DP,TRUE,DQ_21_29,
DM_20_30,30,2300,ירושלים / הרב חיים הלר,20,DM,TRUE,IS_20_31,
DL_20_30,30,2300,ירושלים / הרב חיים הלר,20,DL,TRUE,DM_20_32,
DP_20_30,30,2300,ירושלים / הרב חיים הלר,20,DP,TRUE,DM_20_31,
IS_20_31,31,2310,"ירושלים / אד קוץ' / הבעש""ט",20,IS,FALSE,,114.726337
DQ_20_31,31,2310,"ירושלים / אד קוץ' / הבעש""ט",20,DQ,FALSE,,70.788337
DS_21_31,31,2310,"ירושלים / אד קוץ' / הבעש""ט",21,DS,FALSE,,32.688239
DQ_21_31,31,2310,"ירושלים / אד קוץ' / הבעש""ט",21,DQ,FALSE,,55.486761
DM_20_31,31,2310,"ירושלים / אד קוץ' / הבעש""ט",20,DM,FALSE,,50.892663
DL_21_31,31,2310,"ירושלים / אד קוץ' / הבעש""ט",21,DL,TRUE,DM_21_29,
DM_21_31,31,2310,"ירושלים / אד קוץ' / הבעש""ט",21,DM,TRUE,IS_21_30,
DS_20_31,31,2310,"ירושלים / אד קוץ' / הבעש""ט",20,DS,TRUE,DM_20_31,
DP_20_31,31,2310,"ירושלים / אד קוץ' / הבעש""ט",20,DP,TRUE,DQ_20_32,
DL_20_31,31,2310,"ירושלים / אד קוץ' / הבעש""ט",20,DL,TRUE,DM_20_33,
DP_21_31,31,2310,"ירושלים / אד קוץ' / הבעש""ט",21,DP,TRUE,DM_21_30,
DM_21_32,32,2320,ירושלים / נחל הבשור,21,DM,FALSE,,32.327041
DQ_20_32,32,2320,ירושלים / נחל הבשור,20,DQ,FALSE,,63.710097
DQ_21_32,32,2320,ירושלים / נחל הבשור,21,DQ,FALSE,,49.106959
DS_20_32,32,2320,ירושלים / נחל הבשור,20,DS,FALSE,,37.266903
DM_20_32,32,2320,ירושלים / נחל הבשור,20,DM,FALSE,,153.122903
DL_21_32,32,2320,ירושלים / נחל הבשור,21,DL,TRUE,DM_21_30,
DP_21_32,32,2320,ירושלים / נחל הבשור,21,DP,TRUE,DQ_21_31,
DS_21_32,32,2320,ירושלים / נחל הבשור,21,DS,TRUE,DM_21_32,
DP_20_32,32,2320,ירושלים / נחל הבשור,20,DP,TRUE,DQ_20_33,
DL_20_32,32,2320,ירושלים / נחל הבשור,20,DL,TRUE,DS_20_34,
DM_21_33,33,2330,ירושלים / איזקוב,21,DM,FALSE,,158.975092
DS_21_33,33,2330,ירושלים / איזקוב,21,DS,FALSE,,31.028092
DQ_20_33,33,2330,ירושלים / איזקוב,20,DQ,FALSE,,53.923498
DQ_21_33,33,2330,ירושלים / איזקוב,21,DQ,FALSE,,61.347908
DM_20_33,33,2330,ירושלים / איזקוב,20,DM,FALSE,,41.431502
DP_21_33,33,2330,ירושלים / איזקוב,21,DP,TRUE,DQ_21_32,
DP_20_33,33,2330,ירושלים / איזקוב,20,DP,TRUE,DQ_20_34,
DL_20_33,33,2330,ירושלים / איזקוב,20,DL,TRUE,DQ_20_35,
DL_21_33,33,2330,ירושלים / איזקוב,21,DL,TRUE,IS_21_30,
DS_20_33,33,2330,ירושלים / איזקוב,20,DS,TRUE,DM_20_33,
DP_21_34,34,2340,ירושלים / וכטנגוב,21,DP,FALSE,,137.814067
DS_21_34,34,2340,ירושלים / וכטנגוב,21,DS,FALSE,,35.255067
DQ_20_34,34,2340,ירושלים / וכטנגוב,20,DQ,FALSE,,36.387577
DS_20_34,34,2340,ירושלים / וכטנגוב,20,DS,FALSE,,32.618423
DQ_21_34,34,2340,ירושלים / וכטנגוב,21,DQ,FALSE,,55.726933
DL_21_34,34,2340,ירושלים / וכטנגוב,21,DL,TRUE,DQ_21_33,
DM_21_34,34,2340,ירושלים / וכטנגוב,21,DM,TRUE,DP_21_34,
DP_20_34,34,2340,ירושלים / וכטנגוב,20,DP,TRUE,DQ_20_35,
DL_20_34,34,2340,ירושלים / וכטנגוב,20,DL,TRUE,DM_20_35,
DM_20_34,34,2340,ירושלים / וכטנגוב,20,DM,TRUE,DQ_20_35,
DS_21_35,35,2350,ירושלים / ארליך / נס לגויים,21,DS,FALSE,,32.343469
DQ_20_35,35,2350,ירושלים / ארליך / נס לגויים,20,DQ,FALSE,,65.88018
DQ_21_35,35,2350,ירושלים / ארליך / נס לגויים,21,DQ,FALSE,,64.009531
DM_20_35,35,2350,ירושלים / ארליך / נס לגויים,20,DM,FALSE,,47.88682
DP_20_35,35,2350,ירושלים / ארליך / נס לגויים,20,DP,FALSE,,123.89582
IS_21_35,35,2350,ירושלים / ארליך / נס לגויים,21,IS,FALSE,,235.288531
DL_20_35,35,2350,ירושלים / ארליך / נס לגויים,20,DL,FALSE,,204.89982
DP_21_35,35,2350,ירושלים / ארליך / נס לגויים,21,DP,TRUE,DQ_21_34,
DS_20_35,35,2350,ירושלים / ארליך / נס לגויים,20,DS,TRUE,DM_20_35,
DL_21_35,35,2350,ירושלים / ארליך / נס לגויים,21,DL,TRUE,DQ_21_33,
DM_21_35,35,2350,ירושלים / ארליך / נס לגויים,21,DM,TRUE,DQ_21_34,
DP_21_37,37,2370,ירושלים / יהודה הימית,21,DP,FALSE,,99.146179
DM_21_37,37,2370,ירושלים / יהודה הימית,21,DM,FALSE,,55.567179
DS_21_37,37,2370,ירושלים / יהודה הימית,21,DS,FALSE,,32.475179
DQ_20_37,37,2370,ירושלים / יהודה הימית,20,DQ,FALSE,,58.913167
DQ_21_37,37,2370,ירושלים / יהודה הימית,21,DQ,FALSE,,59.522821
DM_20_37,37,2370,ירושלים / יהודה הימית,20,DM,FALSE,,58.199833
DL_21_37,37,2370,ירושלים / יהודה הימית,21,DL,TRUE,IS_21_35,
DS_20_37,37,2370,ירושלים / יהודה הימית,20,DS,TRUE,DM_20_37,
DP_20_37,37,2370,ירושלים / יהודה הימית,20,DP,TRUE,DQ_20_38,
DL_20_37,37,2370,ירושלים / יהודה הימית,20,DL,TRUE,DS_20_38,
DM_21_38,38,2380,ירושלים / בן צבי / עולי ציון,21,DM,FALSE,,32.736417
DQ_20_38,38,2380,ירושלים / בן צבי / עולי ציון,20,DQ,FALSE,,65.459955
DQ_21_38,38,2380,ירושלים / בן צבי / עולי ציון,21,DQ,FALSE,,67.425583
DS_20_38,38,2380,ירושלים / בן צבי / עולי ציון,20,DS,FALSE,,32.001045
DM_20_38,38,2380,ירושלים / בן צבי / עולי ציון,20,DM,FALSE,,48.828045
DP_20_38,38,2380,ירושלים / בן צבי / עולי ציון,20,DP,FALSE,,176.183045
DL_21_38,38,2380,ירושלים / בן צבי / עולי ציון,21,DL,TRUE,DM_21_37,
DP_21_38,38,2380,ירושלים / בן צבי / עולי ציון,21,DP,TRUE,DQ_21_37,
DS_21_38,38,2380,ירושלים / בן צבי / עולי ציון,21,DS,TRUE,DM_21_38,
DL_20_38,38,2380,ירושלים / בן צבי / עולי ציון,20,DL,TRUE,IS_20_39,
IS_20_39,39,2390,ירושלים / שלמה / מרזוק ועזר,20,IS,FALSE,,215.415415
DP_21_39,39,2390,ירושלים / שלמה / מרזוק ועזר,21,DP,FALSE,,127.172782
DM_21_39,39,2390,ירושלים / שלמה / מרזוק ועזר,21,DM,FALSE,,42.668782
DQ_20_39,39,2390,ירושלים / שלמה / מרזוק ועזר,20,DQ,FALSE,,60.949415
DQ_21_39,39,2390,ירושלים / שלמה / מרזוק ועזר,21,DQ,FALSE,,67.314218
DS_20_39,39,2390,ירושלים / שלמה / מרזוק ועזר,20,DS,FALSE,,32.155585
DM_20_39,39,2390,ירושלים / שלמה / מרזוק ועזר,20,DM,FALSE,,49.223585
DL_21_39,39,2390,ירושלים / שלמה / מרזוק ועזר,21,DL,TRUE,DQ_21_38,
DS_21_39,39,2390,ירושלים / שלמה / מרזוק ועזר,21,DS,TRUE,DM_21_39,
DP_20_39,39,2390,ירושלים / שלמה / מרזוק ועזר,20,DP,TRUE,DQ_20_40,
DL_20_39,39,2390,ירושלים / שלמה / מרזוק ועזר,20,DL,TRUE,DS_20_40,
DM_21_40,40,2400,ירושלים / יחזקאל קויפמן / אילת,21,DM,FALSE,,48.843877
DQ_20_40,40,2400,ירושלים / יחזקאל קויפמן / אילת,20,DQ,FALSE,,147.965106
DS_21_40,40,2400,ירושלים / יחזקאל קויפמן / אילת,21,DS,FALSE,,52.616
DQ_21_40,40,2400,ירושלים / יחזקאל קויפמן / אילת,21,DQ,FALSE,,136.686123
IS_21_40,40,2400,ירושלים / יחזקאל קויפמן / אילת,21,IS,FALSE,,67.647
DS_20_40,40,2400,ירושלים / יחזקאל קויפמן / אילת,20,DS,FALSE,,31.999894
DM_20_40,40,2400,ירושלים / יחזקאל קויפמן / אילת,20,DM,FALSE,,48.417894
DP_20_40,40,2400,ירושלים / יחזקאל קויפמן / אילת,20,DP,FALSE,,137.370894
DL_20_40,40,2400,ירושלים / יחזקאל קויפמן / אילת,20,DL,FALSE,,274.603894
IS_20_40,40,2400,ירושלים / יחזקאל קויפמן / אילת,20,IS,FALSE,,274.603894
DL_21_40,40,2400,ירושלים / יחזקאל קויפמן / אילת,21,DL,TRUE,DP_21_39,
DP_21_40,40,2400,ירושלים / יחזקאל קויפמן / אילת,21,DP,TRUE,DQ_21_39,
DL_21_85,85,3850,זבוטינסקי שנקר (מותקן בתוך המנהרה),21,DL,FALSE,,437.5
DP_21_85,85,3850,זבוטינסקי שנקר,21,DP,FALSE,,161.5
DS_21_85,85,3850,זבוטינסקי שנקר,21,DS,FALSE,,61.5
DQ_21_85,85,3850,זבוטינסקי שנקר,21,DQ,FALSE,,61.5
DQ_20_85,85,3850,זבוטינסקי שנקר,20,DQ,FALSE,,51.5
DS_20_85,85,3850,זבוטינסקי שנקר,20,DS,FALSE,,63.5
DM_20_85,85,3850,זבוטינסקי שנקר,20,DM,FALSE,,172.5
DM_21_85,85,3850,זבוטינסקי שנקר,21,DM,TRUE,DS_21_85,
DP_20_85,85,3850,זבוטינסקי שנקר,20,DP,TRUE,DQ_20_86,
DL_20_85,85,3850,זבוטינסקי שנקר,20,DL,TRUE,DS_20_87,
DL_20_85,85,3850,זבוטינסקי שנקר,20,DL,TRUE,DQ_20_88,
DM_21_86,86,3860,זבוטינסקי הסיבים,21,DM,FALSE,,155.5
DS_21_86,86,3860,זבוטינסקי הסיבים,21,DS,FALSE,,47.5
IS_21_86,86,3860,זבוטינסקי הסיבים,21,IS,FALSE,,139.5
DQ_21_86,86,3860,זבוטינסקי הסיבים,21,DQ,FALSE,,47.5
DQ_20_86,86,3860,זבוטינסקי הסיבים,20,DQ,FALSE,,41.5
DS_20_86,86,3860,זבוטינסקי הסיבים,20,DS,FALSE,,56.5
DL_21_86,86,3860,זבוטינסקי הסיבים,21,DL,TRUE,DP_21_85,
DP_21_86,86,3860,זבוטינסקי הסיבים,21,DP,TRUE,DQ_21_85,
DP_20_86,86,3860,זבוטינסקי הסיבים,20,DP,TRUE,DS_20_87,
DM_20_86,86,3860,זבוטינסקי הסיבים,20,DM,TRUE,IS_20_87,
DL_20_86,86,3860,זבוטינסקי הסיבים,20,DL,TRUE,DQ_20_88,
DS_21_87,87,3870,זבוטינסקי שחם,21,DS,FALSE,,52.5
DQ_21_87,87,3870,זבוטינסקי שחם,21,DQ,FALSE,,44.5
DQ_20_87,87,3870,זבוטינסקי שחם,20,DQ,FALSE,,48.5
DS_20_87,87,3870,זבוטינסקי שחם,20,DS,FALSE,,48.5
IS_20_87,87,3860,זבוטינסקי שחם,20,IS,FALSE,,131.5
DM_20_87,87,3870,זבוטינסקי שחם,20,DM,FALSE,,93.5
DP_21_87,87,3870,זבוטינסקי שחם,21,DP,TRUE,DS_21_86,
DM_21_87,87,3870,זבוטינסקי שחם,21,DM,TRUE,IS_21_86,
DP_20_87,87,3870,זבוטינסקי שחם,20,DP,TRUE,DQ_20_88,
DL_20_87,87,3870,זבוטינסקי שחם,20,DL,TRUE,DS_20_89,
DL_21_87,87,3870,זבוטינסקי שחם,21,DL,TRUE,DP_21_85,
DS_21_88,88,3880,זבוטינסקי רבין דיין,21,DS,FALSE,,66
IS_21_88,88,3880,זבוטינסקי רבין דיין,21,IS,FALSE,,117
DQ_21_88,88,3880,זבוטינסקי רבין דיין,21,DQ,FALSE,,60
DQ_20_88,88,3880,זבוטינסקי רבין דיין,20,DQ,FALSE,,57
DS_20_88,88,3880,זבוטינסקי רבין דיין,20,DS,FALSE,,57
DP_21_88,88,3880,זבוטינסקי רבין דיין,21,DP,TRUE,DQ_21_87,
DM_21_88,88,3880,זבוטינסקי רבין דיין,21,DM,TRUE,DS_21_88,
DP_20_88,88,3880,זבוטינסקי רבין דיין,20,DP,TRUE,DQ_20_89,
DM_20_88,88,3880,זבוטינסקי רבין דיין,20,DM,TRUE,IS_20_89,
IS_21_88,88,3880,זבוטינסקי רבין דיין,21,IS,TRUE,DM_21_89,
DL_20_88,88,3880,זבוטינסקי רבין דיין,20,DL,TRUE,DQ_20_92,
DL_21_88,88,3880,זבוטינסקי רבין דיין,21,DL,TRUE,DS_21_85,
DS_21_89,89,3890,זבוטינסקי מוטה גור דנמרק,21,DS,FALSE,,66
DQ_21_89,89,3890,זבוטינסקי מוטה גור דנמרק,21,DQ,FALSE,,50
DQ_20_89,89,3890,זבוטינסקי מוטה גור דנמרק,20,DQ,FALSE,,50
DS_20_89,89,3890,זבוטינסקי מוטה גור דנמרק,20,DS,FALSE,,50
IS_20_89,89,3891,זבוטינסקי מוטה גור דנמרק,20,IS,FALSE,,129
IS_21_89,89,3900,זבוטינסקי מוטה גור דנמרק,21,IS,FALSE,,99
DM_21_89,89,3900,זבוטינסקי מוטה גור דנמרק,21,DM,FALSE,,
DM_21_89,89,3890,זבוטינסקי מוטה גור דנמרק,21,DM,TRUE,IS_21_88,
DM_20_89,89,3890,זבוטינסקי מוטה גור דנמרק,20,DM,TRUE,IS_20_90,
DL_21_89,89,3890,זבוטינסקי מוטה גור דנמרק,21,DL,TRUE,DQ_21_87,
DP_21_89,89,3890,זבוטינסקי מוטה גור דנמרק,21,DP,TRUE,DS_21_88,
DP_20_89,89,3890,זבוטינסקי מוטה גור דנמרק,20,DP,TRUE,DP_20_90,
DL_20_89,89,3890,זבוטינסקי מוטה גור דנמרק,20,DL,TRUE,DQ_20_92,
DS_21_90,90,3900,זבוטינסקי בזל,21,DS,FALSE,,35.5
DQ_21_90,90,3900,זבוטינסקי בזל,21,DQ,FALSE,,35.5
DQ_20_90,90,3900,זבוטינסקי בזל,20,DQ,FALSE,,31.5
DS_20_90,90,3900,זבוטינסקי בזל,20,DS,FALSE,,39.5
IS_20_90,90,3900,זבוטינסקי בזל,20,IS,FALSE,,85.5
DP_20_90,90,3900,זבוטינסקי בזל,20,DP,FALSE,,125.5
IS_21_90,90,3900,זבוטינסקי בזל,21,IS,FALSE,,224.5
DP_21_90,90,3900,זבוטינסקי בזל,21,DP,TRUE,DQ_21_89,
DM_21_90,90,3900,זבוטינסקי בזל,21,DM,TRUE,IS_21_89,
DM_20_90,90,3900,זבוטינסקי בזל,20,DM,TRUE,DS_20_90,
DL_20_90,90,3900,זבוטינסקי בזל,20,DL,TRUE,DP_20_90,
DL_21_90,90,3900,זבוטינסקי בזל,21,DL,TRUE,IS_21_88,
DM_21_92,92,3920,זבוטינסקי דנקנר,21,DM,FALSE,,159.5
DS_21_92,92,3920,זבוטינסקי דנקנר,21,DS,FALSE,,54
IS_21_92,92,3920,זבוטינסקי דנקנר,21,IS,FALSE,,177
DQ_21_92,92,3920,זבוטינסקי דנקנר,21,DQ,FALSE,,40.5
DQ_20_92,92,3920,זבוטינסקי דנקנר,20,DQ,FALSE,,44
DS_20_92,92,3920,זבוטינסקי דנקנר,20,DS,FALSE,,44
DM_20_92,92,3920,זבוטינסקי דנקנר,20,DM,FALSE,,61
DP_20_92,92,3920,זבוטינסקי דנקנר,20,DP,FALSE,,157
DP_21_92,92,3920,זבוטינסקי דנקנר,21,DP,TRUE,IS_21_90,
DL_20_92,92,3920,זבוטינסקי דנקנר,20,DL,TRUE,DQ_20_93,
DL_21_92,92,3920,זבוטינסקי דנקנר,21,DL,TRUE,IS_21_89,
DM_21_93,93,3930,זבוטינסקי אורלוב כצנלסון,21,DM,FALSE,,166
IS_21_93,93,3930,זבוטינסקי אורלוב כצנלסון,21,IS,FALSE,,117
DS_21_93,93,3930,זבוטינסקי אורלוב כצנלסון,21,DS,FALSE,,58.5
DQ_21_93,93,3930,זבוטינסקי אורלוב כצנלסון,21,DQ,FALSE,,59
DQ_20_93,93,3930,זבוטינסקי אורלוב כצנלסון,20,DQ,FALSE,,76
DS_20_93,93,3930,זבוטינסקי אורלוב כצנלסון,20,DS,FALSE,,59
DP_21_93,93,3930,זבוטינסקי אורלוב כצנלסון,21,DP,TRUE,IS_21_92,
DL_21_93,93,3930,זבוטינסקי אורלוב כצנלסון,21,DL,TRUE,DQ_21_92,
DP_20_93,93,3930,זבוטינסקי אורלוב כצנלסון,20,DP,TRUE,DQ_20_200,
DM_20_93,93,3930,זבוטינסקי אורלוב כצנלסון,20,DM,TRUE,IS_20_200,
DL_20_93,93,3930,זבוטינסקי אורלוב כצנלסון,20,DL,TRUE,DQ_20_94,
DS_21_94,94,3940,אורולוב קרול,21,DS,FALSE,,56
DQ_21_94,94,3940,אורולוב קרול,21,DQ,FALSE,,56
DQ_20_94,94,3940,אורולוב קרול,20,DQ,FALSE,,47
DS_20_94,94,3940,אורולוב קרול,20,DS,FALSE,,56
DL_21_94,94,3940,זבוטינסקי אורלוב כצנלסון,21,DL,TRUE,DS_21_93,
DP_21_94,94,3940,זבוטינסקי אורלוב כצנלסון,21,DP,TRUE,DQ_21_200,
DM_21_94,94,3940,זבוטינסקי אורלוב כצנלסון,21,DM,TRUE,DS_21_94,
DP_20_94,94,3940,זבוטינסקי אורלוב כצנלסון,20,DP,TRUE,DQ_20_95,
DM_20_94,94,3940,זבוטינסקי אורלוב כצנלסון,20,DM,TRUE,IS_20_95,
DL_20_94,94,3940,זבוטינסקי אורלוב כצנלסון,20,DL,TRUE,DQ_20_97,
DM_21_95,95,3950,אורולוב רוטשילד,21,DM,FALSE,,149.5
DS_21_95,95,3950,אורולוב רוטשילד,21,DS,FALSE,,46.5
IS_21_95,95,3950,אורולוב רוטשילד,21,IS,FALSE,,80.5
DQ_21_95,95,3950,אורולוב רוטשילד,21,DQ,FALSE,,46
DQ_20_95,95,3950,אורולוב רוטשילד,20,DQ,FALSE,,46.5
DS_20_95,95,3950,אורולוב רוטשילד,20,DS,FALSE,,47.5
IS_20_95,95,3950,אורולוב רוטשילד,20,IS,FALSE,,142
DP_21_95,95,3950,אורולוב רוטשילד,21,DP,TRUE,DQ_21_94,
DM_20_95,95,3950,אורולוב רוטשילד,20,DM,TRUE,IS_20_96,
DL_21_95,95,3950,אורולוב רוטשילד,21,DL,TRUE,DQ_21_200,
DP_20_95,95,3950,אורולוב רוטשילד,20,DP,TRUE,DS_20_96,
DL_20_95,95,3950,אורולוב רוטשילד,20,DL,TRUE,DQ_20_98,
DS_21_96,96,3960,אורולוב בייליס,21,DS,FALSE,,35.5
DQ_21_96,96,3960,אורולוב בייליס,21,DQ,FALSE,,35.5
DQ_20_96,96,3960,אורולוב בייליס,20,DQ,FALSE,,34.5
IS_20_96,96,3960,אורולוב בייליס,20,IS,FALSE,,70.5
DS_20_96,96,3960,אורולוב בייליס,20,DS,FALSE,,41
DP_21_96,96,3960,אורולוב בייליס,21,DP,TRUE,DS_21_95,
DM_21_96,96,3960,אורולוב בייליס,21,DM,TRUE,IS_21_95,
DM_20_96,96,3960,אורולוב בייליס,20,DM,TRUE,DS_20_96,
DL_20_96,96,3960,אורולוב בייליס,20,DL,TRUE,DQ_20_97,
DL_21_96,96,3960,אורולוב בייליס,21,DL,TRUE,DQ_21_94,
DP_20_96,96,3960,אורולוב בייליס,20,DP,TRUE,DQ_20_97,
DS_21_97,97,3970,אורולוב פינסקר,21,DS,FALSE,,50
IS_21_97,97,3970,אורולוב פינסקר,21,IS,FALSE,,122
DQ_21_97,97,3970,אורולוב פינסקר,21,DQ,FALSE,,50
DQ_20_97,97,3970,אורולוב פינסקר,20,DQ,FALSE,,47
DS_20_97,97,3970,אורולוב פינסקר,20,DS,FALSE,,48.5
DL_21_97,97,3970,אורולוב פינסקר,21,DL,TRUE,DM_21_95,
DP_21_97,97,3970,אורולוב פינסקר,21,DP,TRUE,DQ_21_96,
DM_21_97,97,3970,אורולוב פינסקר,21,DM,TRUE,DS_21_97,
DM_20_97,97,3970,אורולוב פינסקר,20,DM,TRUE,IS_20_98,
DP_20_97,97,3970,אורולוב פינסקר,20,DP,TRUE,DQ_20_98,
DL_20_97,97,3970,אורולוב פינסקר,20,DL,TRUE,DL_20_98,
IS_20_98,98,3980,אורולוב בר כוכבא,20,IS,FALSE,,149
DS_21_98,98,3980,אורולוב בר כוכבא,21,DS,FALSE,,59
DQ_21_98,98,3980,אורולוב בר כוכבא,21,DQ,FALSE,,59
DQ_20_98,98,3980,אורולוב בר כוכבא,20,DQ,FALSE,,48
DS_20_98,98,3980,אורולוב בר כוכבא,20,DS,FALSE,,77
DL_20_98,98,3980,אורולוב בר כוכבא,20,DL,FALSE,,83
DM_21_98,98,3980,אורולוב בר כוכבא,21,DM,TRUE,IS_21_97,
DP_21_98,98,3980,אורולוב בר כוכבא,21,DP,TRUE,DQ_21_97,
DM_20_98,98,3980,אורולוב בר כוכבא,20,DM,TRUE,DS_20_98,
DL_21_98,98,3980,אורולוב בר כוכבא,21,DL,TRUE,DQ_21_96,
DP_20_98,98,3980,אורולוב בר כוכבא,20,DP,TRUE,DL_20_98,
DS_21_200,200,3935,אורולוב מעבר חציה,21,DS,FALSE,,48.5
DQ_21_200,200,3935,אורולוב מעבר חציה,21,DQ,FALSE,,35.5
DQ_20_200,200,3935,אורולוב מעבר חציה,20,DQ,FALSE,,36.5
DS_20_200,200,3935,אורולוב מעבר חציה,20,DS,FALSE,,34.5
IS_20_200,200,3935,אורולוב מעבר חציה,20,IS,FALSE,,105.5
DM_21_200,200,3935,אורולוב בר כוכבא,21,DM,TRUE,IS_21_93,
DP_21_200,200,3935,אורולוב בר כוכבא,21,DP,TRUE,DQ_21_93,
DM_20_200,200,3935,אורולוב בר כוכבא,20,DM,TRUE,DS_20_200,
DP_20_200,200,3935,אורולוב בר כוכבא,20,DP,TRUE,DQ_20_94,
DL_20_200,200,3935,אורולוב בר כוכבא,20,DL,TRUE,DS_20_94,
DL_21_200,200,3935,אורולוב בר כוכבא,21,DL,TRUE,IS_21_92,